{
  "mlp_med": {
    "rmse": 0.10803214035461779,
    "time": 2330.5871500968933
  },
  "pi_tbnn_small": {
    "rmse": 0.08959260582923889,
    "time": 2753.2883138656616
  },
  "pi_tbnn_large": {
    "rmse": 0.08871041983366013,
    "time": 3220.624278783798
  }
}