{
  "full_training": [
    {
      "name": "MLP",
      "arch": "5\u219232\u219232\u21921",
      "epochs": [
        1,
        100,
        200,
        300,
        400,
        500,
        600,
        700,
        800,
        900,
        1000
      ],
      "val_loss": [
        0.202159,
        0.121697,
        0.120184,
        0.116542,
        0.113587,
        0.113948,
        0.113043,
        0.115835,
        0.113779,
        0.114413,
        0.111518
      ],
      "best_loss": [
        0.202159,
        0.120677,
        0.119073,
        0.11435,
        0.112877,
        0.11226,
        0.11226,
        0.11099,
        0.110504,
        0.109834,
        0.109595
      ],
      "train_loss": [],
      "lr": [
        0.001,
        0.000501,
        0.001,
        0.000854,
        0.000501,
        0.000147,
        0.001,
        0.000962,
        0.000854,
        0.000692,
        0.000501
      ],
      "beta": [],
      "early_stop": null,
      "final_rmse": 0.109595
    },
    {
      "name": "MLP-Large",
      "arch": "5\u2192128\u2192128\u2192128\u2192128\u21921",
      "epochs": [
        1,
        100,
        200,
        300
      ],
      "val_loss": [
        0.149025,
        0.109116,
        0.104713,
        0.112762
      ],
      "best_loss": [
        0.149025,
        0.109116,
        0.104477,
        0.104477
      ],
      "train_loss": [],
      "lr": [
        0.001,
        0.000501,
        0.001,
        0.000854
      ],
      "beta": [],
      "early_stop": 344,
      "final_rmse": 0.104477
    },
    {
      "name": "TBNN",
      "arch": "5\u219264\u219264\u219264\u219210",
      "epochs": [
        1,
        100,
        200,
        300,
        400,
        500,
        600
      ],
      "val_loss": [
        0.014608,
        0.008547,
        0.008195,
        0.007773,
        0.00793,
        0.007263,
        0.007181
      ],
      "best_loss": [
        0.014608,
        0.008364,
        0.008138,
        0.007773,
        0.007539,
        0.007228,
        0.00714
      ],
      "train_loss": [
        0.125133,
        0.009381,
        0.008795,
        0.009008,
        0.008692,
        0.008207,
        0.008026
      ],
      "lr": [
        0.001,
        0.000501,
        0.001,
        0.000854,
        0.000501,
        0.000147,
        0.001
      ],
      "beta": [],
      "early_stop": 694,
      "final_rmse": 0.084501
    },
    {
      "name": "PI-TBNN",
      "arch": "5\u219264\u219264\u219264\u219210, realizability loss",
      "epochs": [
        1,
        100
      ],
      "val_loss": [
        0.015358,
        0.015177
      ],
      "best_loss": [
        0.015358,
        0.014627
      ],
      "train_loss": [
        0.641588,
        0.019774
      ],
      "lr": [
        0.001,
        0.000501
      ],
      "beta": [
        0.0,
        0.099
      ],
      "early_stop": 152,
      "final_rmse": 0.120944
    },
    {
      "name": "TBRF",
      "arch": "200 trees, depth 20",
      "epochs": [],
      "val_loss": [],
      "best_loss": [],
      "train_loss": [],
      "lr": [],
      "beta": [],
      "early_stop": null,
      "final_rmse": 0.063707
    }
  ],
  "pi_sweep": [
    {
      "name": "PI-TBNN (beta=0.001)",
      "arch": "beta=0.001",
      "epochs": [
        1,
        100,
        200,
        300,
        400,
        500,
        600,
        700
      ],
      "val_loss": [
        0.023228,
        0.008409,
        0.007868,
        0.00786,
        0.008226,
        0.007434,
        0.0073,
        0.007531
      ],
      "best_loss": [
        0.023228,
        0.008344,
        0.007819,
        0.007638,
        0.007546,
        0.00731,
        0.007264,
        0.007264
      ],
      "train_loss": [
        0.071299,
        0.009986,
        0.009301,
        0.009515,
        0.00917,
        0.008926,
        0.008799,
        0.009239
      ],
      "lr": [
        0.001,
        0.000501,
        0.001,
        0.000854,
        0.000501,
        0.000147,
        0.001,
        0.000962
      ],
      "beta": [
        0.0,
        0.001,
        0.001,
        0.001,
        0.001,
        0.001,
        0.001,
        0.001
      ],
      "early_stop": 729,
      "final_rmse": 0.085229
    },
    {
      "name": "PI-TBNN (beta=0.01)",
      "arch": "beta=0.01",
      "epochs": [
        1,
        100,
        200,
        300,
        400,
        500,
        600
      ],
      "val_loss": [
        0.0156,
        0.009502,
        0.009139,
        0.00902,
        0.00889,
        0.008266,
        0.008293
      ],
      "best_loss": [
        0.0156,
        0.009497,
        0.009064,
        0.008725,
        0.008413,
        0.008266,
        0.008258
      ],
      "train_loss": [
        0.053343,
        0.011194,
        0.010707,
        0.011212,
        0.010634,
        0.010373,
        0.010237
      ],
      "lr": [
        0.001,
        0.000501,
        0.001,
        0.000854,
        0.000501,
        0.000147,
        0.001
      ],
      "beta": [
        0.0,
        0.01,
        0.01,
        0.01,
        0.01,
        0.01,
        0.01
      ],
      "early_stop": 676,
      "final_rmse": 0.090875
    },
    {
      "name": "PI-TBNN (beta=0.1)",
      "arch": "beta=0.1",
      "epochs": [
        1,
        100
      ],
      "val_loss": [
        0.016164,
        0.009715
      ],
      "best_loss": [
        0.016164,
        0.00887
      ],
      "train_loss": [
        0.086373,
        0.010137
      ],
      "lr": [
        0.001,
        0.000501
      ],
      "beta": [
        0.0,
        0.099
      ],
      "early_stop": null,
      "final_rmse": null
    }
  ]
}