{
  "metadata": {
    "dataset": "McConkey et al. (2021)",
    "rans_model": "komegasst",
    "split_protocol": "TBKAN 2025 case-holdout",
    "val_cases": [
      "squareDuctAve_Re_2000",
      "case_0p8"
    ],
    "test_cases": [
      "case_1p2",
      "cbfs13700"
    ],
    "device": "cuda",
    "eval_time_s": 87.8
  },
  "results": {
    "tbnn": {
      "val": {
        "n_points": 23967,
        "rmse": 0.08453501453696304,
        "component_rmse": {
          "b_11": 0.14667668310062817,
          "b_12": 0.05304816333493838,
          "b_13": 0.021863309013422802,
          "b_22": 0.08477986683729877,
          "b_23": 0.009197991275443202,
          "b_33": 0.10391641810852248
        },
        "realizability_violation_rate": 0.01289272750031293,
        "realizability_violations_count": 309
      },
      "test": {
        "n_points": 51844,
        "rmse": 0.38886022454099484,
        "component_rmse": {
          "b_11": 0.6844015486148484,
          "b_12": 0.23837982537259483,
          "b_13": 0.0020126276408774504,
          "b_22": 0.4924995527964076,
          "b_23": 0.0010485465052363083,
          "b_33": 0.3734732451795049
        },
        "realizability_violation_rate": 0.01647249440629581,
        "realizability_violations_count": 854,
        "per_case": {
          "case_1p2": {
            "n_points": 14751,
            "rmse": 0.07550363499894541,
            "component_rmse": {
              "b_11": 0.10885890828363999,
              "b_12": 0.06339687017382015,
              "b_13": 4.773783190651144e-16,
              "b_22": 0.0827195955931595,
              "b_23": 4.728798186056525e-16,
              "b_33": 0.10720464930536289
            },
            "realizability_violation_rate": 0.011999186495830792,
            "realizability_violations_count": 177
          },
          "cbfs13700": {
            "n_points": 37093,
            "rmse": 0.4572512568638373,
            "component_rmse": {
              "b_11": 0.8062050504753212,
              "b_12": 0.2789704959268503,
              "b_13": 0.002379395873588978,
              "b_22": 0.5799080524599005,
              "b_23": 0.0012396268326801396,
              "b_33": 0.43632625740897507
            },
            "realizability_violation_rate": 0.01825142210120508,
            "realizability_violations_count": 677
          }
        }
      }
    },
    "pi_tbnn": {
      "val": {
        "n_points": 23967,
        "rmse": 0.12028922838602556,
        "component_rmse": {
          "b_11": 0.21987259290046327,
          "b_12": 0.0529032814111941,
          "b_13": 0.023064356999533592,
          "b_22": 0.13644632104661733,
          "b_23": 0.007714481788109201,
          "b_33": 0.12831679617715716
        },
        "realizability_violation_rate": 0.0007510326699211416,
        "realizability_violations_count": 18
      },
      "test": {
        "n_points": 51844,
        "rmse": 0.14179481212930706,
        "component_rmse": {
          "b_11": 0.2030026006488887,
          "b_12": 0.07362513382550748,
          "b_13": 0.002012627640875635,
          "b_22": 0.17225152769593832,
          "b_23": 0.001048546505237008,
          "b_33": 0.21054253101522685
        },
        "realizability_violation_rate": 0.002295347581205154,
        "realizability_violations_count": 119,
        "per_case": {
          "case_1p2": {
            "n_points": 14751,
            "rmse": 0.09992800714979488,
            "component_rmse": {
              "b_11": 0.15948389310309993,
              "b_12": 0.0625720626569816,
              "b_13": 5.2037499235036777e-17,
              "b_22": 0.1311029418316879,
              "b_23": 4.409565264289169e-17,
              "b_33": 0.1156515591601927
            },
            "realizability_violation_rate": 0.0005423361128059115,
            "realizability_violations_count": 8
          },
          "cbfs13700": {
            "n_points": 37093,
            "rmse": 0.15533935583383612,
            "component_rmse": {
              "b_11": 0.21790680150616032,
              "b_12": 0.07758428241241981,
              "b_13": 0.0023793958735868316,
              "b_22": 0.18610379786311465,
              "b_23": 0.0012396268326809671,
              "b_33": 0.2379860836827422
            },
            "realizability_violation_rate": 0.0029924783651901978,
            "realizability_violations_count": 111
          }
        }
      }
    },
    "tbrf": {
      "val": {
        "n_points": 23967,
        "rmse": 0.06370678997629428,
        "component_rmse": {
          "b_11": 0.10789180711888513,
          "b_12": 0.04266045627240999,
          "b_13": 0.02199100852322953,
          "b_22": 0.06583083914194957,
          "b_23": 0.008171056248760038,
          "b_33": 0.0775029287416334
        },
        "realizability_violation_rate": 0.024742354070179832,
        "realizability_violations_count": 593
      },
      "test": {
        "n_points": 51844,
        "rmse": 0.12534625603563232,
        "component_rmse": {
          "b_11": 0.16692088509140116,
          "b_12": 0.07142211900338373,
          "b_13": 0.002012627640876988,
          "b_22": 0.12900520650412445,
          "b_23": 0.0010485465052361984,
          "b_33": 0.21132654595508168
        },
        "realizability_violation_rate": 0.025750327906797314,
        "realizability_violations_count": 1335,
        "per_case": {
          "case_1p2": {
            "n_points": 14751,
            "rmse": 0.058529102251151335,
            "component_rmse": {
              "b_11": 0.08566715073737328,
              "b_12": 0.049020929504739415,
              "b_13": 1.1523250520126295e-15,
              "b_22": 0.06537229359706462,
              "b_23": 1.6400607000292635e-15,
              "b_33": 0.0808609043162707
            },
            "realizability_violation_rate": 0.008338417734390889,
            "realizability_violations_count": 123
          },
          "cbfs13700": {
            "n_points": 37093,
            "rmse": 0.14351844403492253,
            "component_rmse": {
              "b_11": 0.18980088383266222,
              "b_12": 0.0785752893463484,
              "b_13": 0.002379395873588431,
              "b_22": 0.14683706000403443,
              "b_23": 0.0012396268326800098,
              "b_33": 0.24457818929674224
            },
            "realizability_violation_rate": 0.032674628636130805,
            "realizability_violations_count": 1212
          }
        }
      }
    },
    "mlp": {
      "val": {
        "n_points": 23967,
        "rmse": 0.10953748469974109
      },
      "test": {
        "n_points": 51844,
        "rmse": 0.18432596718220584,
        "per_case": {
          "case_1p2": {
            "n_points": 14751,
            "rmse": 0.08861581480399092
          },
          "cbfs13700": {
            "n_points": 37093,
            "rmse": 0.21062923433666472
          }
        }
      }
    },
    "mlp_large": {
      "val": {
        "n_points": 23967,
        "rmse": 0.10447444012192478
      },
      "test": {
        "n_points": 51844,
        "rmse": 0.1772081134215165,
        "per_case": {
          "case_1p2": {
            "n_points": 14751,
            "rmse": 0.07972227713724492
          },
          "cbfs13700": {
            "n_points": 37093,
            "rmse": 0.20337978869293094
          }
        }
      }
    }
  }
}