{
  "metadata": {
    "dataset": "McConkey et al. (2021)",
    "rans_model": "komegasst",
    "split_protocol": "TBKAN 2025 case-holdout",
    "val_cases": [
      "squareDuctAve_Re_2000",
      "case_0p8"
    ],
    "test_cases": [
      "case_1p2",
      "cbfs13700"
    ],
    "device": "cuda",
    "eval_time_s": 83.6
  },
  "results": {
    "tbnn_small": {
      "val": {
        "n_points": 23967,
        "rmse": 0.0849583471613261,
        "component_rmse": {
          "b_11": 0.14819143389546202,
          "b_12": 0.04924653386362122,
          "b_13": 0.022224025079007552,
          "b_22": 0.08840921622534934,
          "b_23": 0.009662358145319537,
          "b_33": 0.10255800489240807
        },
        "realizability_violation_rate": 0.0038803354612592313,
        "realizability_violations_count": 93
      },
      "test": {
        "n_points": 51844,
        "rmse": 0.7887483293656264,
        "component_rmse": {
          "b_11": 1.3124930540834725,
          "b_12": 0.6239044735093903,
          "b_13": 0.0020126276408738092,
          "b_22": 1.224603902425171,
          "b_23": 0.0010485465052367264,
          "b_33": 0.3481219404537117
        },
        "realizability_violation_rate": 0.012402592392562303,
        "realizability_violations_count": 643,
        "per_case": {
          "case_1p2": {
            "n_points": 14751,
            "rmse": 0.07270178684096343,
            "component_rmse": {
              "b_11": 0.10197825548751548,
              "b_12": 0.05901099824581605,
              "b_13": 6.897686680279157e-16,
              "b_22": 0.08502559320576873,
              "b_23": 9.039686008825658e-16,
              "b_33": 0.10296642585316705
            },
            "realizability_violation_rate": 0.002101552437122907,
            "realizability_violations_count": 31
          },
          "cbfs13700": {
            "n_points": 37093,
            "rmse": 0.9313569746924687,
            "component_rmse": {
              "b_11": 1.5503400744868614,
              "b_12": 0.7366614505827352,
              "b_13": 0.002379395873584673,
              "b_22": 1.446774562282362,
              "b_23": 0.001239626832680634,
              "b_33": 0.4064069564470229
            },
            "realizability_violation_rate": 0.016499069905372983,
            "realizability_violations_count": 612
          }
        }
      }
    },
    "tbnn_large": {
      "val": {
        "n_points": 23967,
        "rmse": 0.08568007383869544,
        "component_rmse": {
          "b_11": 0.14835748388887252,
          "b_12": 0.05463110352577236,
          "b_13": 0.02208210615964561,
          "b_22": 0.08693285280574477,
          "b_23": 0.009425157533760576,
          "b_33": 0.1044900756809839
        },
        "realizability_violation_rate": 0.015813410105561813,
        "realizability_violations_count": 379
      },
      "test": {
        "n_points": 51844,
        "rmse": 1.7035482321079591,
        "component_rmse": {
          "b_11": 2.9345842066547134,
          "b_12": 0.5875375361880155,
          "b_13": 0.0020126276408747924,
          "b_22": 2.87183868565751,
          "b_23": 0.0010485465052370627,
          "b_33": 0.456083397826439
        },
        "realizability_violation_rate": 0.01286551963583057,
        "realizability_violations_count": 667,
        "per_case": {
          "case_1p2": {
            "n_points": 14751,
            "rmse": 0.0762189535209376,
            "component_rmse": {
              "b_11": 0.10976904514308812,
              "b_12": 0.06394451528722049,
              "b_13": 3.8560627953868474e-16,
              "b_22": 0.08503261526589168,
              "b_23": 3.6020220730444746e-16,
              "b_33": 0.10717874457680984
            },
            "realizability_violation_rate": 0.014778659073961087,
            "realizability_violations_count": 218
          },
          "cbfs13700": {
            "n_points": 37093,
            "rmse": 2.0134182071187254,
            "component_rmse": {
              "b_11": 3.46867319422476,
              "b_12": 0.6934350968646712,
              "b_13": 0.0023793958735858355,
              "b_22": 3.394760495732005,
              "b_23": 0.0012396268326810315,
              "b_33": 0.5349441812600347
            },
            "realizability_violation_rate": 0.012104709783517105,
            "realizability_violations_count": 449
          }
        }
      }
    },
    "pi_tbnn_small": {
      "val": {
        "n_points": 23967,
        "rmse": 0.08959260158536689,
        "component_rmse": {
          "b_11": 0.1568961524747691,
          "b_12": 0.05064921581633867,
          "b_13": 0.02184081542518731,
          "b_22": 0.09374556922119914,
          "b_23": 0.008962876979971118,
          "b_33": 0.10785950907549985
        },
        "realizability_violation_rate": 0.0020027537864563774,
        "realizability_violations_count": 48
      },
      "test": {
        "n_points": 51844,
        "rmse": 0.5112058643162841,
        "component_rmse": {
          "b_11": 0.8418780656230977,
          "b_12": 0.3255587575126724,
          "b_13": 0.002012627640876872,
          "b_22": 0.8379136067903925,
          "b_23": 0.0010485465052364807,
          "b_33": 0.2261350696672038
        },
        "realizability_violation_rate": 0.007348969986883728,
        "realizability_violations_count": 381,
        "per_case": {
          "case_1p2": {
            "n_points": 14751,
            "rmse": 0.07635911525743481,
            "component_rmse": {
              "b_11": 0.10774846088863456,
              "b_12": 0.060333553705094974,
              "b_13": 3.74461450509922e-16,
              "b_22": 0.0887057959286008,
              "b_23": 3.498817745177574e-16,
              "b_33": 0.10892979454450245
            },
            "realizability_violation_rate": 0.001016880211511084,
            "realizability_violations_count": 15
          },
          "cbfs13700": {
            "n_points": 37093,
            "rmse": 0.6024433325950957,
            "component_rmse": {
              "b_11": 0.9929744002270393,
              "b_12": 0.3830013121986808,
              "b_13": 0.002379395873588294,
              "b_22": 0.9890288649961008,
              "b_23": 0.0012396268326803437,
              "b_33": 0.25836864222012185
            },
            "realizability_violation_rate": 0.009867090825762273,
            "realizability_violations_count": 366
          }
        }
      }
    },
    "pi_tbnn_large": {
      "val": {
        "n_points": 23967,
        "rmse": 0.08871042325594011,
        "component_rmse": {
          "b_11": 0.15403109876076176,
          "b_12": 0.057126346824526476,
          "b_13": 0.021740192757150903,
          "b_22": 0.0896915047632007,
          "b_23": 0.010726437843775046,
          "b_33": 0.1076846219378742
        },
        "realizability_violation_rate": 0.02620269537280427,
        "realizability_violations_count": 628
      },
      "test": {
        "n_points": 51844,
        "rmse": 0.16165442618670142,
        "component_rmse": {
          "b_11": 0.22466583439110913,
          "b_12": 0.12859054590615634,
          "b_13": 0.0020126276408765106,
          "b_22": 0.1797750118646117,
          "b_23": 0.0010485465052369602,
          "b_33": 0.23970492357208245
        },
        "realizability_violation_rate": 0.019867294190263098,
        "realizability_violations_count": 1030,
        "per_case": {
          "case_1p2": {
            "n_points": 14751,
            "rmse": 0.07879872341654605,
            "component_rmse": {
              "b_11": 0.11479256132137235,
              "b_12": 0.06530933510575769,
              "b_13": 2.1517258119734201e-16,
              "b_22": 0.08520872241065902,
              "b_23": 1.6756036764884249e-16,
              "b_33": 0.11203689174075654
            },
            "realizability_violation_rate": 0.019320724018710596,